Keywords,monthly traffic,KD
iptv uk,"9,900",6
united kingdom iptv,"5,400",30
british iptv,"4,400",29
iptv free trial,"4,400",3
iptv subscription,"4,400",14
iptv with subscription,"2,400",19
internet protocol television,"1,900",28
iptv united kingdom,"1,900",4
iptvuk,"1,900",26
iptv provider,"1,600",16
iptv subscription uk,"1,600",9
iptv box,"1,300",28
iptv trial,"1,300",3
uk iptv,"1,300",2
iptv reddit,"1,000",26
iptv service,"1,000",21
iptv subscribe,"1,000",9
iptv subscriptions,880,12
iptv tv providers,880,29
uk iptv subscription,880,4
iptv firestick,720,18
iptv services,720,20
iptv sub,720,2
iptvuk.uk,720,15
one iptv,720,28
ukiptv,720,3
best iptv service,590,28
free trial iptv uk,590,0
iptv in uk,590,3
best iptv player,480,26
best iptv provider uk,480,20
best uk iptv,480,22
buy iptv,480,7
iptv in the uk,480,3
iptv provider uk,480,8
iptv providers uk,480,11
iptv uk best,480,20
iptv uk subscription,480,9
4k iptv,390,12
best iptv in uk,390,13
best iptv providers uk,390,12
free trial iptv,390,0
iptv down,390,21
iptv free,390,28
iptv providers in uk,390,11
iptvuk free trial,390,0
iptvx,390,28
set iptv,390,22
your iptv,390,22
best iptv for uk,320,12
editor iptv,320,25
fire stick iptv,320,23
ip tv subscription,320,12
iptv free trials,320,0
iptv uk providers,320,3
iptveditor,320,7
best free iptv for firestick,260,15
best iptv box,260,22
best iptv firestick,260,7
best iptv for firestick,260,29
best iptv player for windows,260,30
best iptv service uk,260,10
best iptv services,260,16
biggest iptv provider,260,24
ip television playlist,260,28
iptv free trail,260,2
iptv login,260,17
iptv server,260,15
iptv uk trial,260,5
best iptv players,210,18
best iptv service in uk,210,19
best iptv subscription,210,26
ip tv service,210,23
iptv boxes,210,27
iptv link,210,27
iptv service uk,210,7
iptv sports,210,19
iptv subscripcion,210,15
recommended iptv providers,210,22
subscription iptv,210,13
iptv edit,170,24
iptv reviews uk,170,29
iptv servers,170,16
iptv service provider,170,17
iptv service providers,170,30
iptv suppliers uk,170,7
iptv test,170,2
iptv trail,170,0
iptv what channels,170,9
iptvservice,170,23
uk iptv provider,170,5
4kiptv,140,6
best iptv app firestick,140,22
best iptv app for apple tv,140,22
best iptv app for firestick,140,24
best iptv for sports,140,13
best iptv service for uk,140,29
best player for iptv windows,140,30
buy iptv uk,140,22
cheap iptv subscription,140,3
