keyword,search_volume,kd,televo_count,ukiptvbox_count,status
iptv,40500,40,72,143,win
iptv uk,9900,17,33,55,win
iptv subscription,4400,13,4,16,win
best iptv,2900,32,5,12,win
uk iptv,1600,22,6,18,win
iptv provider,1600,9,1,3,win
iptv subscription uk,1600,25,2,4,win
best iptv uk,1600,13,4,9,win
iptv uk subscription,880,3,1,29,win
iptv services,720,27,2,4,win
best iptv uk provider,590,28,1,4,win
iptv in the uk,480,17,2,6,win
iptv streaming,390,3,1,7,win
iptv streams,390,47,1,4,win
your iptv,320,42,4,12,win
premium iptv,170,9,2,9,win
is iptv legal in the uk,140,36,1,4,win
iptv uk provider,110,16,2,6,win
